assetPath,resourcePath,characterKey,pose,spriteWidth,spriteHeight,opaqueWidth,opaqueHeight,readable,poseHeightVsBaseline
Assets/Resources/MonsterBattle/mon_abyss_dragon_idle_0.png,MonsterBattle/mon_abyss_dragon_idle_0,abyss_dragon,idle,629,627,503,461,true,0.949
Assets/Resources/MonsterBattle/mon_abyss_dragon_idle_1.png,MonsterBattle/mon_abyss_dragon_idle_1,abyss_dragon,idle,629,627,508,475,true,0.978
Assets/Resources/MonsterBattle/mon_abyss_dragon_idle_2.png,MonsterBattle/mon_abyss_dragon_idle_2,abyss_dragon,idle,629,627,591,551,true,1.134
Assets/Resources/MonsterBattle/mon_abyss_dragon_idle_3.png,MonsterBattle/mon_abyss_dragon_idle_3,abyss_dragon,idle,629,627,496,456,true,0.939
Assets/Resources/MonsterBattle/mon_abyss_dragon_move_0.png,MonsterBattle/mon_abyss_dragon_move_0,abyss_dragon,move,627,627,554,533,true,1.097
Assets/Resources/MonsterBattle/mon_abyss_dragon_move_1.png,MonsterBattle/mon_abyss_dragon_move_1,abyss_dragon,move,704,627,680,486,true,1.001
Assets/Resources/MonsterBattle/mon_abyss_dragon_move_2.png,MonsterBattle/mon_abyss_dragon_move_2,abyss_dragon,move,722,627,698,486,true,1.001
Assets/Resources/MonsterBattle/mon_abyss_dragon_move_3.png,MonsterBattle/mon_abyss_dragon_move_3,abyss_dragon,move,627,627,523,413,true,0.85
Assets/Resources/MonsterBattle/mon_abyss_dragon_attack_0.png,MonsterBattle/mon_abyss_dragon_attack_0,abyss_dragon,attack,627,627,552,428,true,0.881
Assets/Resources/MonsterBattle/mon_abyss_dragon_attack_1.png,MonsterBattle/mon_abyss_dragon_attack_1,abyss_dragon,attack,627,627,534,425,true,0.875
Assets/Resources/MonsterBattle/mon_abyss_dragon_attack_2.png,MonsterBattle/mon_abyss_dragon_attack_2,abyss_dragon,attack,627,627,573,401,true,0.826
Assets/Resources/MonsterBattle/mon_abyss_dragon_attack_3.png,MonsterBattle/mon_abyss_dragon_attack_3,abyss_dragon,attack,627,627,530,429,true,0.883
Assets/Resources/MonsterBattle/mon_abyss_dragon_mage_valflare_idle_0.png,MonsterBattle/mon_abyss_dragon_mage_valflare_idle_0,abyss_dragon_mage_valflare,idle,627,627,564,556,true,0.999
Assets/Resources/MonsterBattle/mon_abyss_dragon_mage_valflare_idle_1.png,MonsterBattle/mon_abyss_dragon_mage_valflare_idle_1,abyss_dragon_mage_valflare,idle,627,627,627,558,true,1.002
Assets/Resources/MonsterBattle/mon_abyss_dragon_mage_valflare_idle_2.png,MonsterBattle/mon_abyss_dragon_mage_valflare_idle_2,abyss_dragon_mage_valflare,idle,627,627,627,556,true,0.999
Assets/Resources/MonsterBattle/mon_abyss_dragon_mage_valflare_idle_3.png,MonsterBattle/mon_abyss_dragon_mage_valflare_idle_3,abyss_dragon_mage_valflare,idle,627,627,627,557,true,1
Assets/Resources/MonsterBattle/mon_abyss_dragon_mage_valflare_move_0.png,MonsterBattle/mon_abyss_dragon_mage_valflare_move_0,abyss_dragon_mage_valflare,move,627,627,546,493,true,0.885
Assets/Resources/MonsterBattle/mon_abyss_dragon_mage_valflare_move_1.png,MonsterBattle/mon_abyss_dragon_mage_valflare_move_1,abyss_dragon_mage_valflare,move,627,627,626,493,true,0.885
Assets/Resources/MonsterBattle/mon_abyss_dragon_mage_valflare_move_2.png,MonsterBattle/mon_abyss_dragon_mage_valflare_move_2,abyss_dragon_mage_valflare,move,783,641,759,557,true,1
Assets/Resources/MonsterBattle/mon_abyss_dragon_mage_valflare_move_3.png,MonsterBattle/mon_abyss_dragon_mage_valflare_move_3,abyss_dragon_mage_valflare,move,743,655,719,556,true,0.999
Assets/Resources/MonsterBattle/mon_abyss_dragon_mage_valflare_attack_0.png,MonsterBattle/mon_abyss_dragon_mage_valflare_attack_0,abyss_dragon_mage_valflare,attack,724,724,691,514,true,0.923
Assets/Resources/MonsterBattle/mon_abyss_dragon_mage_valflare_attack_1.png,MonsterBattle/mon_abyss_dragon_mage_valflare_attack_1,abyss_dragon_mage_valflare,attack,724,724,724,474,true,0.851
Assets/Resources/MonsterBattle/mon_abyss_dragon_mage_valflare_attack_2.png,MonsterBattle/mon_abyss_dragon_mage_valflare_attack_2,abyss_dragon_mage_valflare,attack,870,724,846,557,true,1
Assets/Resources/MonsterBattle/mon_abyss_grand_mage_seraphis_idle_0.png,MonsterBattle/mon_abyss_grand_mage_seraphis_idle_0,abyss_grand_mage_seraphis,idle,627,627,571,535,true,0.97
Assets/Resources/MonsterBattle/mon_abyss_grand_mage_seraphis_idle_1.png,MonsterBattle/mon_abyss_grand_mage_seraphis_idle_1,abyss_grand_mage_seraphis,idle,627,627,570,574,true,1.04
Assets/Resources/MonsterBattle/mon_abyss_grand_mage_seraphis_idle_2.png,MonsterBattle/mon_abyss_grand_mage_seraphis_idle_2,abyss_grand_mage_seraphis,idle,627,627,556,532,true,0.964
Assets/Resources/MonsterBattle/mon_abyss_grand_mage_seraphis_idle_3.png,MonsterBattle/mon_abyss_grand_mage_seraphis_idle_3,abyss_grand_mage_seraphis,idle,627,627,570,566,true,1.026
Assets/Resources/MonsterBattle/mon_abyss_grand_mage_seraphis_move_0.png,MonsterBattle/mon_abyss_grand_mage_seraphis_move_0,abyss_grand_mage_seraphis,move,627,627,585,559,true,1.013
Assets/Resources/MonsterBattle/mon_abyss_grand_mage_seraphis_move_1.png,MonsterBattle/mon_abyss_grand_mage_seraphis_move_1,abyss_grand_mage_seraphis,move,627,627,610,571,true,1.035
Assets/Resources/MonsterBattle/mon_abyss_grand_mage_seraphis_move_2.png,MonsterBattle/mon_abyss_grand_mage_seraphis_move_2,abyss_grand_mage_seraphis,move,627,627,614,559,true,1.013
Assets/Resources/MonsterBattle/mon_abyss_grand_mage_seraphis_move_3.png,MonsterBattle/mon_abyss_grand_mage_seraphis_move_3,abyss_grand_mage_seraphis,move,627,627,589,554,true,1.004
Assets/Resources/MonsterBattle/mon_abyss_grand_mage_seraphis_attack_0.png,MonsterBattle/mon_abyss_grand_mage_seraphis_attack_0,abyss_grand_mage_seraphis,attack,627,627,572,582,true,1.055
Assets/Resources/MonsterBattle/mon_abyss_grand_mage_seraphis_attack_1.png,MonsterBattle/mon_abyss_grand_mage_seraphis_attack_1,abyss_grand_mage_seraphis,attack,627,627,572,582,true,1.055
Assets/Resources/MonsterBattle/mon_abyss_grand_mage_seraphis_attack_2.png,MonsterBattle/mon_abyss_grand_mage_seraphis_attack_2,abyss_grand_mage_seraphis,attack,627,627,627,582,true,1.055
Assets/Resources/MonsterBattle/mon_abyss_grand_mage_seraphis_attack_3.png,MonsterBattle/mon_abyss_grand_mage_seraphis_attack_3,abyss_grand_mage_seraphis,attack,627,627,627,582,true,1.055
Assets/Resources/MonsterBattle/mon_apprentice_mage_idle_0.png,MonsterBattle/mon_apprentice_mage_idle_0,apprentice_mage,idle,627,627,431,434,true,1.017
Assets/Resources/MonsterBattle/mon_apprentice_mage_idle_1.png,MonsterBattle/mon_apprentice_mage_idle_1,apprentice_mage,idle,627,627,428,460,true,1.078
Assets/Resources/MonsterBattle/mon_apprentice_mage_idle_2.png,MonsterBattle/mon_apprentice_mage_idle_2,apprentice_mage,idle,627,627,427,408,true,0.956
Assets/Resources/MonsterBattle/mon_apprentice_mage_idle_3.png,MonsterBattle/mon_apprentice_mage_idle_3,apprentice_mage,idle,627,627,434,405,true,0.949
Assets/Resources/MonsterBattle/mon_apprentice_mage_move_0.png,MonsterBattle/mon_apprentice_mage_move_0,apprentice_mage,move,627,627,424,431,true,1.01
Assets/Resources/MonsterBattle/mon_apprentice_mage_move_1.png,MonsterBattle/mon_apprentice_mage_move_1,apprentice_mage,move,627,627,409,432,true,1.012
Assets/Resources/MonsterBattle/mon_apprentice_mage_move_2.png,MonsterBattle/mon_apprentice_mage_move_2,apprentice_mage,move,627,627,445,424,true,0.994
Assets/Resources/MonsterBattle/mon_apprentice_mage_move_3.png,MonsterBattle/mon_apprentice_mage_move_3,apprentice_mage,move,627,627,419,446,true,1.045
Assets/Resources/MonsterBattle/mon_apprentice_mage_attack_0.png,MonsterBattle/mon_apprentice_mage_attack_0,apprentice_mage,attack,627,627,364,382,true,0.895
Assets/Resources/MonsterBattle/mon_apprentice_mage_attack_1.png,MonsterBattle/mon_apprentice_mage_attack_1,apprentice_mage,attack,627,627,318,453,true,1.062
Assets/Resources/MonsterBattle/mon_apprentice_mage_attack_2.png,MonsterBattle/mon_apprentice_mage_attack_2,apprentice_mage,attack,691,627,667,427,true,1.001
Assets/Resources/MonsterBattle/mon_apprentice_mage_attack_3.png,MonsterBattle/mon_apprentice_mage_attack_3,apprentice_mage,attack,627,627,371,395,true,0.926
Assets/Resources/MonsterBattle/mon_apprentice_swordsman_idle_0.png,MonsterBattle/mon_apprentice_swordsman_idle_0,apprentice_swordsman,idle,627,627,388,500,true,1.023
Assets/Resources/MonsterBattle/mon_apprentice_swordsman_idle_1.png,MonsterBattle/mon_apprentice_swordsman_idle_1,apprentice_swordsman,idle,627,627,345,431,true,0.882
Assets/Resources/MonsterBattle/mon_apprentice_swordsman_idle_2.png,MonsterBattle/mon_apprentice_swordsman_idle_2,apprentice_swordsman,idle,627,627,361,524,true,1.072
Assets/Resources/MonsterBattle/mon_apprentice_swordsman_idle_3.png,MonsterBattle/mon_apprentice_swordsman_idle_3,apprentice_swordsman,idle,627,627,382,500,true,1.023
Assets/Resources/MonsterBattle/mon_apprentice_swordsman_move_0.png,MonsterBattle/mon_apprentice_swordsman_move_0,apprentice_swordsman,move,627,627,437,490,true,1.003
Assets/Resources/MonsterBattle/mon_apprentice_swordsman_move_1.png,MonsterBattle/mon_apprentice_swordsman_move_1,apprentice_swordsman,move,627,627,362,498,true,1.019
Assets/Resources/MonsterBattle/mon_apprentice_swordsman_move_2.png,MonsterBattle/mon_apprentice_swordsman_move_2,apprentice_swordsman,move,627,627,434,498,true,1.019
Assets/Resources/MonsterBattle/mon_apprentice_swordsman_move_3.png,MonsterBattle/mon_apprentice_swordsman_move_3,apprentice_swordsman,move,627,627,370,499,true,1.021
Assets/Resources/MonsterBattle/mon_apprentice_swordsman_attack_0.png,MonsterBattle/mon_apprentice_swordsman_attack_0,apprentice_swordsman,attack,627,627,503,489,true,1.001
Assets/Resources/MonsterBattle/mon_apprentice_swordsman_attack_1.png,MonsterBattle/mon_apprentice_swordsman_attack_1,apprentice_swordsman,attack,627,627,368,489,true,1.001
Assets/Resources/MonsterBattle/mon_apprentice_swordsman_attack_2.png,MonsterBattle/mon_apprentice_swordsman_attack_2,apprentice_swordsman,attack,702,627,678,489,true,1.001
Assets/Resources/MonsterBattle/mon_apprentice_swordsman_attack_3.png,MonsterBattle/mon_apprentice_swordsman_attack_3,apprentice_swordsman,attack,627,627,417,489,true,1.001
Assets/Resources/MonsterBattle/mon_armed_droid_idle_0.png,MonsterBattle/mon_armed_droid_idle_0,armed_droid,idle,627,627,554,519,true,1.045
Assets/Resources/MonsterBattle/mon_armed_droid_idle_1.png,MonsterBattle/mon_armed_droid_idle_1,armed_droid,idle,627,627,627,502,true,1.011
Assets/Resources/MonsterBattle/mon_armed_droid_idle_2.png,MonsterBattle/mon_armed_droid_idle_2,armed_droid,idle,627,627,594,453,true,0.912
Assets/Resources/MonsterBattle/mon_armed_droid_idle_3.png,MonsterBattle/mon_armed_droid_idle_3,armed_droid,idle,627,627,556,513,true,1.033
Assets/Resources/MonsterBattle/mon_armed_droid_move_0.png,MonsterBattle/mon_armed_droid_move_0,armed_droid,move,627,627,528,483,true,0.972
Assets/Resources/MonsterBattle/mon_armed_droid_move_1.png,MonsterBattle/mon_armed_droid_move_1,armed_droid,move,627,627,477,483,true,0.972
Assets/Resources/MonsterBattle/mon_armed_droid_move_2.png,MonsterBattle/mon_armed_droid_move_2,armed_droid,move,627,627,544,483,true,0.972
Assets/Resources/MonsterBattle/mon_armed_droid_move_3.png,MonsterBattle/mon_armed_droid_move_3,armed_droid,move,627,627,512,480,true,0.966
Assets/Resources/MonsterBattle/mon_armed_droid_attack_0.png,MonsterBattle/mon_armed_droid_attack_0,armed_droid,attack,627,627,557,501,true,1.009
Assets/Resources/MonsterBattle/mon_armed_droid_attack_1.png,MonsterBattle/mon_armed_droid_attack_1,armed_droid,attack,627,627,614,500,true,1.007
Assets/Resources/MonsterBattle/mon_armed_droid_attack_2.png,MonsterBattle/mon_armed_droid_attack_2,armed_droid,attack,627,627,609,474,true,0.954
Assets/Resources/MonsterBattle/mon_armed_droid_attack_3.png,MonsterBattle/mon_armed_droid_attack_3,armed_droid,attack,627,627,553,488,true,0.982
Assets/Resources/MonsterBattle/mon_astral_eclipse_golem_move_0.png,MonsterBattle/mon_astral_eclipse_golem_move_0,astral_eclipse_golem,move+moveBaseline,627,627,564,582,true,1.006
Assets/Resources/MonsterBattle/mon_astral_eclipse_golem_move_1.png,MonsterBattle/mon_astral_eclipse_golem_move_1,astral_eclipse_golem,move+moveBaseline,627,627,620,586,true,1.013
Assets/Resources/MonsterBattle/mon_astral_eclipse_golem_move_2.png,MonsterBattle/mon_astral_eclipse_golem_move_2,astral_eclipse_golem,move+moveBaseline,627,627,627,568,true,0.981
Assets/Resources/MonsterBattle/mon_astral_eclipse_golem_move_3.png,MonsterBattle/mon_astral_eclipse_golem_move_3,astral_eclipse_golem,move+moveBaseline,627,627,547,579,true,1
Assets/Resources/MonsterBattle/mon_astral_eclipse_golem_attack_0.png,MonsterBattle/mon_astral_eclipse_golem_attack_0,astral_eclipse_golem,attack+moveBaseline,686,634,662,579,true,1
Assets/Resources/MonsterBattle/mon_astral_eclipse_golem_attack_1.png,MonsterBattle/mon_astral_eclipse_golem_attack_1,astral_eclipse_golem,attack+moveBaseline,627,627,626,477,true,0.824
Assets/Resources/MonsterBattle/mon_astral_eclipse_golem_attack_2.png,MonsterBattle/mon_astral_eclipse_golem_attack_2,astral_eclipse_golem,attack+moveBaseline,627,627,617,479,true,0.828
Assets/Resources/MonsterBattle/mon_astral_eclipse_golem_attack_3.png,MonsterBattle/mon_astral_eclipse_golem_attack_3,astral_eclipse_golem,attack+moveBaseline,627,627,590,476,true,0.822
Assets/Resources/MonsterBattle/mon_chibi_gear_idle_0.png,MonsterBattle/mon_chibi_gear_idle_0,chibi_gear,idle,627,627,457,460,true,0.991
Assets/Resources/MonsterBattle/mon_chibi_gear_idle_1.png,MonsterBattle/mon_chibi_gear_idle_1,chibi_gear,idle,627,627,463,469,true,1.01
Assets/Resources/MonsterBattle/mon_chibi_gear_idle_2.png,MonsterBattle/mon_chibi_gear_idle_2,chibi_gear,idle,627,627,466,460,true,0.991
Assets/Resources/MonsterBattle/mon_chibi_gear_idle_3.png,MonsterBattle/mon_chibi_gear_idle_3,chibi_gear,idle,627,627,459,468,true,1.008
Assets/Resources/MonsterBattle/mon_chibi_gear_move_0.png,MonsterBattle/mon_chibi_gear_move_0,chibi_gear,move,627,627,512,475,true,1.023
Assets/Resources/MonsterBattle/mon_chibi_gear_move_1.png,MonsterBattle/mon_chibi_gear_move_1,chibi_gear,move,627,627,427,479,true,1.032
Assets/Resources/MonsterBattle/mon_chibi_gear_move_2.png,MonsterBattle/mon_chibi_gear_move_2,chibi_gear,move,627,627,485,471,true,1.015
Assets/Resources/MonsterBattle/mon_chibi_gear_move_3.png,MonsterBattle/mon_chibi_gear_move_3,chibi_gear,move,627,627,433,481,true,1.036
Assets/Resources/MonsterBattle/mon_chibi_gear_attack_0.png,MonsterBattle/mon_chibi_gear_attack_0,chibi_gear,attack,635,627,514,440,true,0.948
Assets/Resources/MonsterBattle/mon_chibi_gear_attack_1.png,MonsterBattle/mon_chibi_gear_attack_1,chibi_gear,attack,635,627,468,438,true,0.943
Assets/Resources/MonsterBattle/mon_chibi_gear_attack_2.png,MonsterBattle/mon_chibi_gear_attack_2,chibi_gear,attack,635,627,597,434,true,0.935
Assets/Resources/MonsterBattle/mon_chibi_gear_attack_3.png,MonsterBattle/mon_chibi_gear_attack_3,chibi_gear,attack,635,627,484,440,true,0.948
Assets/Resources/MonsterBattle/mon_cosmic_ore_fortress_golem_idle_0.png,MonsterBattle/mon_cosmic_ore_fortress_golem_idle_0,cosmic_ore_fortress_golem,idle,627,627,571,527,true,0.998
Assets/Resources/MonsterBattle/mon_cosmic_ore_fortress_golem_idle_1.png,MonsterBattle/mon_cosmic_ore_fortress_golem_idle_1,cosmic_ore_fortress_golem,idle,627,627,609,526,true,0.996
Assets/Resources/MonsterBattle/mon_cosmic_ore_fortress_golem_idle_2.png,MonsterBattle/mon_cosmic_ore_fortress_golem_idle_2,cosmic_ore_fortress_golem,idle,627,627,627,532,true,1.008
Assets/Resources/MonsterBattle/mon_cosmic_ore_fortress_golem_idle_3.png,MonsterBattle/mon_cosmic_ore_fortress_golem_idle_3,cosmic_ore_fortress_golem,idle,627,627,563,527,true,0.998
Assets/Resources/MonsterBattle/mon_cosmic_ore_fortress_golem_move_0.png,MonsterBattle/mon_cosmic_ore_fortress_golem_move_0,cosmic_ore_fortress_golem,move,627,627,594,572,true,1.083
Assets/Resources/MonsterBattle/mon_cosmic_ore_fortress_golem_move_1.png,MonsterBattle/mon_cosmic_ore_fortress_golem_move_1,cosmic_ore_fortress_golem,move,627,627,591,538,true,1.019
Assets/Resources/MonsterBattle/mon_cosmic_ore_fortress_golem_move_2.png,MonsterBattle/mon_cosmic_ore_fortress_golem_move_2,cosmic_ore_fortress_golem,move,627,627,534,590,true,1.117
Assets/Resources/MonsterBattle/mon_cosmic_ore_fortress_golem_move_3.png,MonsterBattle/mon_cosmic_ore_fortress_golem_move_3,cosmic_ore_fortress_golem,move,627,627,592,576,true,1.091
Assets/Resources/MonsterBattle/mon_cosmic_ore_fortress_golem_attack_0.png,MonsterBattle/mon_cosmic_ore_fortress_golem_attack_0,cosmic_ore_fortress_golem,attack,627,627,560,535,true,1.013
Assets/Resources/MonsterBattle/mon_cosmic_ore_fortress_golem_attack_1.png,MonsterBattle/mon_cosmic_ore_fortress_golem_attack_1,cosmic_ore_fortress_golem,attack,627,627,549,535,true,1.013
Assets/Resources/MonsterBattle/mon_cosmic_ore_fortress_golem_attack_2.png,MonsterBattle/mon_cosmic_ore_fortress_golem_attack_2,cosmic_ore_fortress_golem,attack,627,627,594,521,true,0.987
Assets/Resources/MonsterBattle/mon_cosmic_ore_fortress_golem_attack_3.png,MonsterBattle/mon_cosmic_ore_fortress_golem_attack_3,cosmic_ore_fortress_golem,attack,627,627,534,527,true,0.998
Assets/Resources/MonsterBattle/mon_dark_magic_machine_god_merchion_idle_0.png,MonsterBattle/mon_dark_magic_machine_god_merchion_idle_0,dark_magic_machine_god_merchion,idle,627,627,548,551,true,1.007
Assets/Resources/MonsterBattle/mon_dark_magic_machine_god_merchion_idle_1.png,MonsterBattle/mon_dark_magic_machine_god_merchion_idle_1,dark_magic_machine_god_merchion,idle,627,627,627,550,true,1.005
Assets/Resources/MonsterBattle/mon_dark_magic_machine_god_merchion_idle_2.png,MonsterBattle/mon_dark_magic_machine_god_merchion_idle_2,dark_magic_machine_god_merchion,idle,627,627,627,544,true,0.994
Assets/Resources/MonsterBattle/mon_dark_magic_machine_god_merchion_idle_3.png,MonsterBattle/mon_dark_magic_machine_god_merchion_idle_3,dark_magic_machine_god_merchion,idle,627,627,625,544,true,0.994
Assets/Resources/MonsterBattle/mon_dark_magic_machine_god_merchion_move_0.png,MonsterBattle/mon_dark_magic_machine_god_merchion_move_0,dark_magic_machine_god_merchion,move,627,627,514,499,true,0.912
Assets/Resources/MonsterBattle/mon_dark_magic_machine_god_merchion_move_1.png,MonsterBattle/mon_dark_magic_machine_god_merchion_move_1,dark_magic_machine_god_merchion,move,627,627,509,480,true,0.877
Assets/Resources/MonsterBattle/mon_dark_magic_machine_god_merchion_move_2.png,MonsterBattle/mon_dark_magic_machine_god_merchion_move_2,dark_magic_machine_god_merchion,move,627,627,500,489,true,0.894
Assets/Resources/MonsterBattle/mon_dark_magic_machine_god_merchion_move_3.png,MonsterBattle/mon_dark_magic_machine_god_merchion_move_3,dark_magic_machine_god_merchion,move,627,627,495,496,true,0.906
Assets/Resources/MonsterBattle/mon_dark_magic_machine_god_merchion_attack_0.png,MonsterBattle/mon_dark_magic_machine_god_merchion_attack_0,dark_magic_machine_god_merchion,attack,627,665,574,547,true,1
Assets/Resources/MonsterBattle/mon_dark_magic_machine_god_merchion_attack_1.png,MonsterBattle/mon_dark_magic_machine_god_merchion_attack_1,dark_magic_machine_god_merchion,attack,627,665,579,547,true,1
Assets/Resources/MonsterBattle/mon_dark_magic_machine_god_merchion_attack_2.png,MonsterBattle/mon_dark_magic_machine_god_merchion_attack_2,dark_magic_machine_god_merchion,attack,638,660,614,547,true,1
Assets/Resources/MonsterBattle/mon_dark_magic_machine_god_merchion_attack_3.png,MonsterBattle/mon_dark_magic_machine_god_merchion_attack_3,dark_magic_machine_god_merchion,attack,627,669,546,547,true,1
Assets/Resources/MonsterBattle/mon_dark_robe_curse_mage_noah_idle_0.png,MonsterBattle/mon_dark_robe_curse_mage_noah_idle_0,dark_robe_curse_mage_noah,idle,627,627,454,506,true,1.015
Assets/Resources/MonsterBattle/mon_dark_robe_curse_mage_noah_idle_1.png,MonsterBattle/mon_dark_robe_curse_mage_noah_idle_1,dark_robe_curse_mage_noah,idle,627,627,476,505,true,1.013
Assets/Resources/MonsterBattle/mon_dark_robe_curse_mage_noah_idle_2.png,MonsterBattle/mon_dark_robe_curse_mage_noah_idle_2,dark_robe_curse_mage_noah,idle,627,627,472,469,true,0.94
Assets/Resources/MonsterBattle/mon_dark_robe_curse_mage_noah_idle_3.png,MonsterBattle/mon_dark_robe_curse_mage_noah_idle_3,dark_robe_curse_mage_noah,idle,627,627,470,515,true,1.033
Assets/Resources/MonsterBattle/mon_dark_robe_curse_mage_noah_move_0.png,MonsterBattle/mon_dark_robe_curse_mage_noah_move_0,dark_robe_curse_mage_noah,move,627,627,541,418,true,0.838
Assets/Resources/MonsterBattle/mon_dark_robe_curse_mage_noah_move_1.png,MonsterBattle/mon_dark_robe_curse_mage_noah_move_1,dark_robe_curse_mage_noah,move,627,627,458,476,true,0.954
Assets/Resources/MonsterBattle/mon_dark_robe_curse_mage_noah_move_2.png,MonsterBattle/mon_dark_robe_curse_mage_noah_move_2,dark_robe_curse_mage_noah,move,627,627,503,433,true,0.868
Assets/Resources/MonsterBattle/mon_dark_robe_curse_mage_noah_move_3.png,MonsterBattle/mon_dark_robe_curse_mage_noah_move_3,dark_robe_curse_mage_noah,move,627,627,424,434,true,0.87
Assets/Resources/MonsterBattle/mon_dark_robe_curse_mage_noah_attack_0.png,MonsterBattle/mon_dark_robe_curse_mage_noah_attack_0,dark_robe_curse_mage_noah,attack,763,627,397,430,true,0.862
Assets/Resources/MonsterBattle/mon_dark_robe_curse_mage_noah_attack_1.png,MonsterBattle/mon_dark_robe_curse_mage_noah_attack_1,dark_robe_curse_mage_noah,attack,763,627,466,499,true,1.001
Assets/Resources/MonsterBattle/mon_dark_robe_curse_mage_noah_attack_2.png,MonsterBattle/mon_dark_robe_curse_mage_noah_attack_2,dark_robe_curse_mage_noah,attack,763,627,725,426,true,0.854
Assets/Resources/MonsterBattle/mon_dark_robe_curse_mage_noah_attack_3.png,MonsterBattle/mon_dark_robe_curse_mage_noah_attack_3,dark_robe_curse_mage_noah,attack,763,627,394,430,true,0.862
Assets/Resources/MonsterBattle/mon_death_mage_elf_idle.png,MonsterBattle/mon_death_mage_elf_idle,death_mage_elf,idle,30,30,25,30,true,1
Assets/Resources/MonsterBattle/mon_death_mage_elf_move.png,MonsterBattle/mon_death_mage_elf_move,death_mage_elf,move,30,30,25,30,true,1
Assets/Resources/MonsterBattle/mon_death_mage_elf_attack.png,MonsterBattle/mon_death_mage_elf_attack,death_mage_elf,attack,30,30,25,30,true,1
Assets/Resources/MonsterBattle/mon_drag_gaia_idle_0.png,MonsterBattle/mon_drag_gaia_idle_0,drag_gaia,idle,543,724,425,390,true,1
Assets/Resources/MonsterBattle/mon_drag_gaia_idle_1.png,MonsterBattle/mon_drag_gaia_idle_1,drag_gaia,idle,543,724,394,390,true,1
Assets/Resources/MonsterBattle/mon_drag_gaia_idle_2.png,MonsterBattle/mon_drag_gaia_idle_2,drag_gaia,idle,543,724,396,390,true,1
Assets/Resources/MonsterBattle/mon_drag_gaia_idle_3.png,MonsterBattle/mon_drag_gaia_idle_3,drag_gaia,idle,543,724,419,390,true,1
Assets/Resources/MonsterBattle/mon_drag_gaia_move_0.png,MonsterBattle/mon_drag_gaia_move_0,drag_gaia,move,627,627,416,390,true,1
Assets/Resources/MonsterBattle/mon_drag_gaia_move_1.png,MonsterBattle/mon_drag_gaia_move_1,drag_gaia,move,627,627,449,390,true,1
Assets/Resources/MonsterBattle/mon_drag_gaia_move_2.png,MonsterBattle/mon_drag_gaia_move_2,drag_gaia,move,627,627,443,390,true,1
Assets/Resources/MonsterBattle/mon_drag_gaia_move_3.png,MonsterBattle/mon_drag_gaia_move_3,drag_gaia,move,627,627,397,390,true,1
Assets/Resources/MonsterBattle/mon_drag_gaia_attack_0.png,MonsterBattle/mon_drag_gaia_attack_0,drag_gaia,attack,627,627,406,390,true,1
Assets/Resources/MonsterBattle/mon_drag_gaia_attack_1.png,MonsterBattle/mon_drag_gaia_attack_1,drag_gaia,attack,627,627,434,390,true,1
Assets/Resources/MonsterBattle/mon_drag_gaia_attack_2.png,MonsterBattle/mon_drag_gaia_attack_2,drag_gaia,attack,627,627,460,390,true,1
Assets/Resources/MonsterBattle/mon_drag_gaia_attack_3.png,MonsterBattle/mon_drag_gaia_attack_3,drag_gaia,attack,627,627,439,390,true,1
Assets/Resources/MonsterBattle/mon_dragon_sword_saint_agito_idle_0.png,MonsterBattle/mon_dragon_sword_saint_agito_idle_0,dragon_sword_saint_agito,idle,724,724,667,463,true,0.924
Assets/Resources/MonsterBattle/mon_dragon_sword_saint_agito_idle_1.png,MonsterBattle/mon_dragon_sword_saint_agito_idle_1,dragon_sword_saint_agito,idle,724,724,724,503,true,1.004
Assets/Resources/MonsterBattle/mon_dragon_sword_saint_agito_idle_2.png,MonsterBattle/mon_dragon_sword_saint_agito_idle_2,dragon_sword_saint_agito,idle,724,724,689,537,true,1.072
Assets/Resources/MonsterBattle/mon_dragon_sword_saint_agito_move_0.png,MonsterBattle/mon_dragon_sword_saint_agito_move_0,dragon_sword_saint_agito,move,724,724,712,416,true,0.83
Assets/Resources/MonsterBattle/mon_dragon_sword_saint_agito_move_1.png,MonsterBattle/mon_dragon_sword_saint_agito_move_1,dragon_sword_saint_agito,move,724,724,724,422,true,0.842
Assets/Resources/MonsterBattle/mon_dragon_sword_saint_agito_move_2.png,MonsterBattle/mon_dragon_sword_saint_agito_move_2,dragon_sword_saint_agito,move,724,724,709,425,true,0.848
Assets/Resources/MonsterBattle/mon_dragon_sword_saint_agito_attack_0.png,MonsterBattle/mon_dragon_sword_saint_agito_attack_0,dragon_sword_saint_agito,attack,1086,724,554,493,true,0.984
Assets/Resources/MonsterBattle/mon_dragon_sword_saint_agito_attack_1.png,MonsterBattle/mon_dragon_sword_saint_agito_attack_1,dragon_sword_saint_agito,attack,1086,724,396,573,true,1.144
Assets/Resources/MonsterBattle/mon_dragon_sword_saint_agito_attack_2.png,MonsterBattle/mon_dragon_sword_saint_agito_attack_2,dragon_sword_saint_agito,attack,1086,724,1043,475,true,0.948
Assets/Resources/MonsterBattle/mon_dragon_whelp_idle_0.png,MonsterBattle/mon_dragon_whelp_idle_0,dragon_whelp,idle,627,627,440,445,true,1.001
Assets/Resources/MonsterBattle/mon_dragon_whelp_idle_1.png,MonsterBattle/mon_dragon_whelp_idle_1,dragon_whelp,idle,627,627,439,446,true,1.003
Assets/Resources/MonsterBattle/mon_dragon_whelp_idle_2.png,MonsterBattle/mon_dragon_whelp_idle_2,dragon_whelp,idle,627,627,428,444,true,0.998
Assets/Resources/MonsterBattle/mon_dragon_whelp_idle_3.png,MonsterBattle/mon_dragon_whelp_idle_3,dragon_whelp,idle,627,627,435,444,true,0.998
Assets/Resources/MonsterBattle/mon_dragon_whelp_move_0.png,MonsterBattle/mon_dragon_whelp_move_0,dragon_whelp,move,627,627,456,395,true,0.888
Assets/Resources/MonsterBattle/mon_dragon_whelp_move_1.png,MonsterBattle/mon_dragon_whelp_move_1,dragon_whelp,move,627,627,454,389,true,0.875
Assets/Resources/MonsterBattle/mon_dragon_whelp_move_2.png,MonsterBattle/mon_dragon_whelp_move_2,dragon_whelp,move,627,627,459,390,true,0.877
Assets/Resources/MonsterBattle/mon_dragon_whelp_move_3.png,MonsterBattle/mon_dragon_whelp_move_3,dragon_whelp,move,627,627,457,393,true,0.884
Assets/Resources/MonsterBattle/mon_dragon_whelp_attack_0.png,MonsterBattle/mon_dragon_whelp_attack_0,dragon_whelp,attack,627,627,532,444,true,0.998
Assets/Resources/MonsterBattle/mon_dragon_whelp_attack_1.png,MonsterBattle/mon_dragon_whelp_attack_1,dragon_whelp,attack,627,627,492,445,true,1.001
Assets/Resources/MonsterBattle/mon_dragon_whelp_attack_2.png,MonsterBattle/mon_dragon_whelp_attack_2,dragon_whelp,attack,786,627,762,445,true,1.001
Assets/Resources/MonsterBattle/mon_dragon_whelp_attack_3.png,MonsterBattle/mon_dragon_whelp_attack_3,dragon_whelp,attack,627,627,515,445,true,1.001
Assets/Resources/MonsterBattle/mon_dragoon_idle_0.png,MonsterBattle/mon_dragoon_idle_0,dragoon,idle,512,512,496,334,true,1.1
Assets/Resources/MonsterBattle/mon_dragoon_idle_1.png,MonsterBattle/mon_dragoon_idle_1,dragoon,idle,512,512,496,293,true,0.965
Assets/Resources/MonsterBattle/mon_dragoon_idle_2.png,MonsterBattle/mon_dragoon_idle_2,dragoon,idle,512,512,496,311,true,1.024
Assets/Resources/MonsterBattle/mon_dragoon_idle_3.png,MonsterBattle/mon_dragoon_idle_3,dragoon,idle,512,512,496,277,true,0.912
Assets/Resources/MonsterBattle/mon_dragoon_move_0.png,MonsterBattle/mon_dragoon_move_0,dragoon,move,512,512,392,304,true,1.001
Assets/Resources/MonsterBattle/mon_dragoon_move_1.png,MonsterBattle/mon_dragoon_move_1,dragoon,move,512,512,496,344,true,1.133
Assets/Resources/MonsterBattle/mon_dragoon_move_2.png,MonsterBattle/mon_dragoon_move_2,dragoon,move,512,512,496,309,true,1.017
Assets/Resources/MonsterBattle/mon_dragoon_move_3.png,MonsterBattle/mon_dragoon_move_3,dragoon,move,512,512,496,294,true,0.968
Assets/Resources/MonsterBattle/mon_dragoon_attack_0.png,MonsterBattle/mon_dragoon_attack_0,dragoon,attack,642,512,618,304,true,1.001
Assets/Resources/MonsterBattle/mon_dragoon_attack_1.png,MonsterBattle/mon_dragoon_attack_1,dragoon,attack,673,512,649,304,true,1.001
Assets/Resources/MonsterBattle/mon_dragoon_attack_2.png,MonsterBattle/mon_dragoon_attack_2,dragoon,attack,728,512,704,304,true,1.001
Assets/Resources/MonsterBattle/mon_dragoon_attack_3.png,MonsterBattle/mon_dragoon_attack_3,dragoon,attack,665,512,641,304,true,1.001
Assets/Resources/MonsterBattle/mon_dragoon_inferno_idle_0.png,MonsterBattle/mon_dragoon_inferno_idle_0,dragoon_inferno,idle,512,512,496,318,true,1.078
Assets/Resources/MonsterBattle/mon_dragoon_inferno_idle_1.png,MonsterBattle/mon_dragoon_inferno_idle_1,dragoon_inferno,idle,512,512,496,316,true,1.071
Assets/Resources/MonsterBattle/mon_dragoon_inferno_idle_2.png,MonsterBattle/mon_dragoon_inferno_idle_2,dragoon_inferno,idle,512,512,496,277,true,0.939
Assets/Resources/MonsterBattle/mon_dragoon_inferno_idle_3.png,MonsterBattle/mon_dragoon_inferno_idle_3,dragoon_inferno,idle,512,512,496,269,true,0.912
Assets/Resources/MonsterBattle/mon_dragoon_inferno_move_0.png,MonsterBattle/mon_dragoon_inferno_move_0,dragoon_inferno,move,512,512,496,275,true,0.932
Assets/Resources/MonsterBattle/mon_dragoon_inferno_move_1.png,MonsterBattle/mon_dragoon_inferno_move_1,dragoon_inferno,move,512,512,496,311,true,1.054
Assets/Resources/MonsterBattle/mon_dragoon_inferno_move_2.png,MonsterBattle/mon_dragoon_inferno_move_2,dragoon_inferno,move,512,512,496,259,true,0.878
Assets/Resources/MonsterBattle/mon_dragoon_inferno_move_3.png,MonsterBattle/mon_dragoon_inferno_move_3,dragoon_inferno,move,512,512,496,262,true,0.888
Assets/Resources/MonsterBattle/mon_dragoon_inferno_attack_0.png,MonsterBattle/mon_dragoon_inferno_attack_0,dragoon_inferno,attack,512,512,398,290,true,0.983
Assets/Resources/MonsterBattle/mon_dragoon_inferno_attack_1.png,MonsterBattle/mon_dragoon_inferno_attack_1,dragoon_inferno,attack,512,512,383,295,true,1
Assets/Resources/MonsterBattle/mon_dragoon_inferno_attack_2.png,MonsterBattle/mon_dragoon_inferno_attack_2,dragoon_inferno,attack,512,512,496,335,true,1.136
Assets/Resources/MonsterBattle/mon_dragoon_inferno_attack_3.png,MonsterBattle/mon_dragoon_inferno_attack_3,dragoon_inferno,attack,512,512,496,340,true,1.153
Assets/Resources/MonsterBattle/mon_dragoon_royal_idle_0.png,MonsterBattle/mon_dragoon_royal_idle_0,dragoon_royal,idle,512,512,496,371,true,1
Assets/Resources/MonsterBattle/mon_dragoon_royal_idle_1.png,MonsterBattle/mon_dragoon_royal_idle_1,dragoon_royal,idle,512,512,496,371,true,1
Assets/Resources/MonsterBattle/mon_dragoon_royal_idle_2.png,MonsterBattle/mon_dragoon_royal_idle_2,dragoon_royal,idle,512,512,496,371,true,1
Assets/Resources/MonsterBattle/mon_dragoon_royal_idle_3.png,MonsterBattle/mon_dragoon_royal_idle_3,dragoon_royal,idle,512,512,496,371,true,1
Assets/Resources/MonsterBattle/mon_dragoon_royal_move_0.png,MonsterBattle/mon_dragoon_royal_move_0,dragoon_royal,move,512,512,496,349,true,0.941
Assets/Resources/MonsterBattle/mon_dragoon_royal_move_1.png,MonsterBattle/mon_dragoon_royal_move_1,dragoon_royal,move,512,512,496,325,true,0.876
Assets/Resources/MonsterBattle/mon_dragoon_royal_move_2.png,MonsterBattle/mon_dragoon_royal_move_2,dragoon_royal,move,512,512,496,329,true,0.887
Assets/Resources/MonsterBattle/mon_dragoon_royal_move_3.png,MonsterBattle/mon_dragoon_royal_move_3,dragoon_royal,move,512,512,496,325,true,0.876
Assets/Resources/MonsterBattle/mon_dragoon_royal_attack_0.png,MonsterBattle/mon_dragoon_royal_attack_0,dragoon_royal,attack,681,512,657,371,true,1
Assets/Resources/MonsterBattle/mon_dragoon_royal_attack_1.png,MonsterBattle/mon_dragoon_royal_attack_1,dragoon_royal,attack,738,512,714,371,true,1
Assets/Resources/MonsterBattle/mon_dragoon_royal_attack_2.png,MonsterBattle/mon_dragoon_royal_attack_2,dragoon_royal,attack,688,512,664,371,true,1
Assets/Resources/MonsterBattle/mon_dragoon_royal_attack_3.png,MonsterBattle/mon_dragoon_royal_attack_3,dragoon_royal,attack,679,512,655,371,true,1
Assets/Resources/MonsterBattle/mon_family_mage_1.png,MonsterBattle/mon_family_mage_1,family_mage_1,idle,512,512,384,365,true,1
Assets/Resources/MonsterBattle/mon_family_mage_2_idle_0.png,MonsterBattle/mon_family_mage_2_idle_0,family_mage_2,idle,760,627,481,547,true,0.992
Assets/Resources/MonsterBattle/mon_family_mage_2_idle_1.png,MonsterBattle/mon_family_mage_2_idle_1,family_mage_2,idle,760,627,513,580,true,1.052
Assets/Resources/MonsterBattle/mon_family_mage_2_idle_2.png,MonsterBattle/mon_family_mage_2_idle_2,family_mage_2,idle,760,627,485,552,true,1.001
Assets/Resources/MonsterBattle/mon_family_mage_2_idle_3.png,MonsterBattle/mon_family_mage_2_idle_3,family_mage_2,idle,760,627,483,527,true,0.956
Assets/Resources/MonsterBattle/mon_family_mage_2_move_0.png,MonsterBattle/mon_family_mage_2_move_0,family_mage_2,move,760,627,538,556,true,1.008
Assets/Resources/MonsterBattle/mon_family_mage_2_move_1.png,MonsterBattle/mon_family_mage_2_move_1,family_mage_2,move,760,627,525,508,true,0.921
Assets/Resources/MonsterBattle/mon_family_mage_2_move_2.png,MonsterBattle/mon_family_mage_2_move_2,family_mage_2,move,760,627,510,555,true,1.006
Assets/Resources/MonsterBattle/mon_family_mage_2_move_3.png,MonsterBattle/mon_family_mage_2_move_3,family_mage_2,move,760,627,503,503,true,0.912
Assets/Resources/MonsterBattle/mon_family_mage_2_attack_0.png,MonsterBattle/mon_family_mage_2_attack_0,family_mage_2,attack,760,627,421,481,true,0.872
Assets/Resources/MonsterBattle/mon_family_mage_2_attack_1.png,MonsterBattle/mon_family_mage_2_attack_1,family_mage_2,attack,760,627,597,481,true,0.872
Assets/Resources/MonsterBattle/mon_family_mage_2_attack_2.png,MonsterBattle/mon_family_mage_2_attack_2,family_mage_2,attack,760,627,627,460,true,0.834
Assets/Resources/MonsterBattle/mon_family_mage_2_attack_3.png,MonsterBattle/mon_family_mage_2_attack_3,family_mage_2,attack,760,627,422,481,true,0.872
Assets/Resources/MonsterBattle/mon_family_mage_3.png,MonsterBattle/mon_family_mage_3,family_mage_3,idle,512,512,384,320,true,1
Assets/Resources/MonsterBattle/mon_family_robot_1.png,MonsterBattle/mon_family_robot_1,family_robot_1,idle,512,512,276,383,true,1
Assets/Resources/MonsterBattle/mon_family_robot_2.png,MonsterBattle/mon_family_robot_2,family_robot_2,idle,512,512,384,364,true,1
Assets/Resources/MonsterBattle/mon_family_robot_3.png,MonsterBattle/mon_family_robot_3,family_robot_3,idle,512,512,384,335,true,1
Assets/Resources/MonsterBattle/mon_family_slime_1.png,MonsterBattle/mon_family_slime_1,family_slime_1,idle,512,512,384,210,true,1
Assets/Resources/MonsterBattle/mon_flare_drake_idle_0.png,MonsterBattle/mon_flare_drake_idle_0,flare_drake,idle,627,627,429,452,true,0.972
Assets/Resources/MonsterBattle/mon_flare_drake_idle_1.png,MonsterBattle/mon_flare_drake_idle_1,flare_drake,idle,627,627,531,500,true,1.075
Assets/Resources/MonsterBattle/mon_flare_drake_idle_2.png,MonsterBattle/mon_flare_drake_idle_2,flare_drake,idle,627,627,591,461,true,0.991
Assets/Resources/MonsterBattle/mon_flare_drake_idle_3.png,MonsterBattle/mon_flare_drake_idle_3,flare_drake,idle,627,627,422,448,true,0.963
Assets/Resources/MonsterBattle/mon_flare_drake_move_0.png,MonsterBattle/mon_flare_drake_move_0,flare_drake,move,627,627,547,419,true,0.901
Assets/Resources/MonsterBattle/mon_flare_drake_move_1.png,MonsterBattle/mon_flare_drake_move_1,flare_drake,move,627,627,513,449,true,0.965
Assets/Resources/MonsterBattle/mon_flare_drake_move_2.png,MonsterBattle/mon_flare_drake_move_2,flare_drake,move,627,627,539,416,true,0.894
Assets/Resources/MonsterBattle/mon_flare_drake_move_3.png,MonsterBattle/mon_flare_drake_move_3,flare_drake,move,627,627,500,451,true,0.969
Assets/Resources/MonsterBattle/mon_flare_drake_attack_0.png,MonsterBattle/mon_flare_drake_attack_0,flare_drake,attack,627,627,502,401,true,0.862
Assets/Resources/MonsterBattle/mon_flare_drake_attack_1.png,MonsterBattle/mon_flare_drake_attack_1,flare_drake,attack,627,627,556,435,true,0.935
Assets/Resources/MonsterBattle/mon_flare_drake_attack_2.png,MonsterBattle/mon_flare_drake_attack_2,flare_drake,attack,627,627,601,455,true,0.978
Assets/Resources/MonsterBattle/mon_flare_drake_attack_3.png,MonsterBattle/mon_flare_drake_attack_3,flare_drake,attack,627,627,591,440,true,0.946
Assets/Resources/MonsterBattle/mon_fortress_machine_gigafort_idle_0.png,MonsterBattle/mon_fortress_machine_gigafort_idle_0,fortress_machine_gigafort,idle,724,724,608,591,true,1.01
Assets/Resources/MonsterBattle/mon_fortress_machine_gigafort_idle_1.png,MonsterBattle/mon_fortress_machine_gigafort_idle_1,fortress_machine_gigafort,idle,724,724,724,574,true,0.981
Assets/Resources/MonsterBattle/mon_fortress_machine_gigafort_idle_2.png,MonsterBattle/mon_fortress_machine_gigafort_idle_2,fortress_machine_gigafort,idle,724,724,646,591,true,1.01
Assets/Resources/MonsterBattle/mon_fortress_machine_gigafort_move_0.png,MonsterBattle/mon_fortress_machine_gigafort_move_0,fortress_machine_gigafort,move,724,724,696,621,true,1.061
Assets/Resources/MonsterBattle/mon_fortress_machine_gigafort_move_1.png,MonsterBattle/mon_fortress_machine_gigafort_move_1,fortress_machine_gigafort,move,724,724,724,612,true,1.046
Assets/Resources/MonsterBattle/mon_fortress_machine_gigafort_move_2.png,MonsterBattle/mon_fortress_machine_gigafort_move_2,fortress_machine_gigafort,move,724,724,682,614,true,1.049
Assets/Resources/MonsterBattle/mon_fortress_machine_gigafort_attack_0.png,MonsterBattle/mon_fortress_machine_gigafort_attack_0,fortress_machine_gigafort,attack,627,627,576,605,true,1.034
Assets/Resources/MonsterBattle/mon_fortress_machine_gigafort_attack_1.png,MonsterBattle/mon_fortress_machine_gigafort_attack_1,fortress_machine_gigafort,attack,627,627,584,605,true,1.034
Assets/Resources/MonsterBattle/mon_fortress_machine_gigafort_attack_2.png,MonsterBattle/mon_fortress_machine_gigafort_attack_2,fortress_machine_gigafort,attack,627,627,603,607,true,1.037
Assets/Resources/MonsterBattle/mon_fortress_machine_gigafort_attack_3.png,MonsterBattle/mon_fortress_machine_gigafort_attack_3,fortress_machine_gigafort,attack,627,627,600,622,true,1.063
Assets/Resources/MonsterBattle/mon_holy_armor_leon_idle_0.png,MonsterBattle/mon_holy_armor_leon_idle_0,holy_armor_leon,idle,627,627,521,540,true,1.003
Assets/Resources/MonsterBattle/mon_holy_armor_leon_idle_1.png,MonsterBattle/mon_holy_armor_leon_idle_1,holy_armor_leon,idle,627,627,549,549,true,1.02
Assets/Resources/MonsterBattle/mon_holy_armor_leon_idle_2.png,MonsterBattle/mon_holy_armor_leon_idle_2,holy_armor_leon,idle,627,627,486,524,true,0.974
Assets/Resources/MonsterBattle/mon_holy_armor_leon_idle_3.png,MonsterBattle/mon_holy_armor_leon_idle_3,holy_armor_leon,idle,627,627,514,540,true,1.003
Assets/Resources/MonsterBattle/mon_holy_armor_leon_move_0.png,MonsterBattle/mon_holy_armor_leon_move_0,holy_armor_leon,move,627,627,503,512,true,0.951
Assets/Resources/MonsterBattle/mon_holy_armor_leon_move_1.png,MonsterBattle/mon_holy_armor_leon_move_1,holy_armor_leon,move,627,627,494,511,true,0.949
Assets/Resources/MonsterBattle/mon_holy_armor_leon_move_2.png,MonsterBattle/mon_holy_armor_leon_move_2,holy_armor_leon,move,627,627,492,506,true,0.94
Assets/Resources/MonsterBattle/mon_holy_armor_leon_move_3.png,MonsterBattle/mon_holy_armor_leon_move_3,holy_armor_leon,move,627,627,481,509,true,0.946
Assets/Resources/MonsterBattle/mon_holy_armor_leon_attack_0.png,MonsterBattle/mon_holy_armor_leon_attack_0,holy_armor_leon,attack,722,652,698,538,true,1
Assets/Resources/MonsterBattle/mon_holy_armor_leon_attack_1.png,MonsterBattle/mon_holy_armor_leon_attack_1,holy_armor_leon,attack,674,652,500,538,true,1
Assets/Resources/MonsterBattle/mon_holy_armor_leon_attack_2.png,MonsterBattle/mon_holy_armor_leon_attack_2,holy_armor_leon,attack,1047,654,1023,539,true,1.001
Assets/Resources/MonsterBattle/mon_holy_armor_leon_attack_3.png,MonsterBattle/mon_holy_armor_leon_attack_3,holy_armor_leon,attack,709,652,685,538,true,1
Assets/Resources/MonsterBattle/mon_magic_sword_saint_luciel_idle_0.png,MonsterBattle/mon_magic_sword_saint_luciel_idle_0,magic_sword_saint_luciel,idle,560,561,415,527,true,1.007
Assets/Resources/MonsterBattle/mon_magic_sword_saint_luciel_idle_1.png,MonsterBattle/mon_magic_sword_saint_luciel_idle_1,magic_sword_saint_luciel,idle,560,561,560,508,true,0.971
Assets/Resources/MonsterBattle/mon_magic_sword_saint_luciel_idle_2.png,MonsterBattle/mon_magic_sword_saint_luciel_idle_2,magic_sword_saint_luciel,idle,560,561,560,521,true,0.996
Assets/Resources/MonsterBattle/mon_magic_sword_saint_luciel_idle_3.png,MonsterBattle/mon_magic_sword_saint_luciel_idle_3,magic_sword_saint_luciel,idle,560,561,560,532,true,1.017
Assets/Resources/MonsterBattle/mon_magic_sword_saint_luciel_idle_4.png,MonsterBattle/mon_magic_sword_saint_luciel_idle_4,magic_sword_saint_luciel,idle,560,561,479,528,true,1.009
Assets/Resources/MonsterBattle/mon_magic_sword_saint_luciel_move_0.png,MonsterBattle/mon_magic_sword_saint_luciel_move_0,magic_sword_saint_luciel,move,817,629,793,523,true,1
Assets/Resources/MonsterBattle/mon_magic_sword_saint_luciel_move_1.png,MonsterBattle/mon_magic_sword_saint_luciel_move_1,magic_sword_saint_luciel,move,898,656,874,523,true,1
Assets/Resources/MonsterBattle/mon_magic_sword_saint_luciel_move_2.png,MonsterBattle/mon_magic_sword_saint_luciel_move_2,magic_sword_saint_luciel,move,961,673,937,523,true,1
Assets/Resources/MonsterBattle/mon_magic_sword_saint_luciel_move_3.png,MonsterBattle/mon_magic_sword_saint_luciel_move_3,magic_sword_saint_luciel,move,828,629,804,523,true,1
Assets/Resources/MonsterBattle/mon_magic_sword_saint_luciel_attack_0.png,MonsterBattle/mon_magic_sword_saint_luciel_attack_0,magic_sword_saint_luciel,attack,724,724,703,604,true,1.154
Assets/Resources/MonsterBattle/mon_magic_sword_saint_luciel_attack_1.png,MonsterBattle/mon_magic_sword_saint_luciel_attack_1,magic_sword_saint_luciel,attack,724,724,568,523,true,1
Assets/Resources/MonsterBattle/mon_magic_sword_saint_luciel_attack_2.png,MonsterBattle/mon_magic_sword_saint_luciel_attack_2,magic_sword_saint_luciel,attack,724,724,679,443,true,0.847
Assets/Resources/MonsterBattle/mon_mecha_dragon_valdrake_idle_0.png,MonsterBattle/mon_mecha_dragon_valdrake_idle_0,mecha_dragon_valdrake,idle,627,627,493,399,true,1.036
Assets/Resources/MonsterBattle/mon_mecha_dragon_valdrake_idle_1.png,MonsterBattle/mon_mecha_dragon_valdrake_idle_1,mecha_dragon_valdrake,idle,627,627,489,420,true,1.091
Assets/Resources/MonsterBattle/mon_mecha_dragon_valdrake_idle_2.png,MonsterBattle/mon_mecha_dragon_valdrake_idle_2,mecha_dragon_valdrake,idle,627,627,460,354,true,0.919
Assets/Resources/MonsterBattle/mon_mecha_dragon_valdrake_idle_3.png,MonsterBattle/mon_mecha_dragon_valdrake_idle_3,mecha_dragon_valdrake,idle,627,627,459,367,true,0.953
Assets/Resources/MonsterBattle/mon_mecha_dragon_valdrake_move_0.png,MonsterBattle/mon_mecha_dragon_valdrake_move_0,mecha_dragon_valdrake,move,627,627,452,404,true,1.049
Assets/Resources/MonsterBattle/mon_mecha_dragon_valdrake_move_1.png,MonsterBattle/mon_mecha_dragon_valdrake_move_1,mecha_dragon_valdrake,move,627,627,592,385,true,1
Assets/Resources/MonsterBattle/mon_mecha_dragon_valdrake_move_2.png,MonsterBattle/mon_mecha_dragon_valdrake_move_2,mecha_dragon_valdrake,move,708,627,684,385,true,1
Assets/Resources/MonsterBattle/mon_mecha_dragon_valdrake_move_3.png,MonsterBattle/mon_mecha_dragon_valdrake_move_3,mecha_dragon_valdrake,move,627,627,571,385,true,1
Assets/Resources/MonsterBattle/mon_mecha_dragon_valdrake_attack_0.png,MonsterBattle/mon_mecha_dragon_valdrake_attack_0,mecha_dragon_valdrake,attack,627,627,438,385,true,1
Assets/Resources/MonsterBattle/mon_mecha_dragon_valdrake_attack_1.png,MonsterBattle/mon_mecha_dragon_valdrake_attack_1,mecha_dragon_valdrake,attack,627,627,467,385,true,1
Assets/Resources/MonsterBattle/mon_mecha_dragon_valdrake_attack_2.png,MonsterBattle/mon_mecha_dragon_valdrake_attack_2,mecha_dragon_valdrake,attack,627,627,572,401,true,1.042
Assets/Resources/MonsterBattle/mon_mecha_dragon_valdrake_attack_3.png,MonsterBattle/mon_mecha_dragon_valdrake_attack_3,mecha_dragon_valdrake,attack,627,627,425,385,true,1
Assets/Resources/MonsterBattle/mon_mecha_sword_saint_gransaber_idle_0.png,MonsterBattle/mon_mecha_sword_saint_gransaber_idle_0,mecha_sword_saint_gransaber,idle,627,627,437,459,true,0.982
Assets/Resources/MonsterBattle/mon_mecha_sword_saint_gransaber_idle_1.png,MonsterBattle/mon_mecha_sword_saint_gransaber_idle_1,mecha_sword_saint_gransaber,idle,627,627,621,464,true,0.993
Assets/Resources/MonsterBattle/mon_mecha_sword_saint_gransaber_idle_2.png,MonsterBattle/mon_mecha_sword_saint_gransaber_idle_2,mecha_sword_saint_gransaber,idle,627,627,627,464,true,0.993
Assets/Resources/MonsterBattle/mon_mecha_sword_saint_gransaber_idle_3.png,MonsterBattle/mon_mecha_sword_saint_gransaber_idle_3,mecha_sword_saint_gransaber,idle,627,627,562,482,true,1.032
Assets/Resources/MonsterBattle/mon_mecha_sword_saint_gransaber_move_0.png,MonsterBattle/mon_mecha_sword_saint_gransaber_move_0,mecha_sword_saint_gransaber,move,627,627,585,528,true,1.13
Assets/Resources/MonsterBattle/mon_mecha_sword_saint_gransaber_move_1.png,MonsterBattle/mon_mecha_sword_saint_gransaber_move_1,mecha_sword_saint_gransaber,move,627,627,627,531,true,1.136
Assets/Resources/MonsterBattle/mon_mecha_sword_saint_gransaber_move_2.png,MonsterBattle/mon_mecha_sword_saint_gransaber_move_2,mecha_sword_saint_gransaber,move,627,627,627,523,true,1.119
Assets/Resources/MonsterBattle/mon_mecha_sword_saint_gransaber_move_3.png,MonsterBattle/mon_mecha_sword_saint_gransaber_move_3,mecha_sword_saint_gransaber,move,627,627,574,522,true,1.117
Assets/Resources/MonsterBattle/mon_mecha_sword_saint_gransaber_attack_0.png,MonsterBattle/mon_mecha_sword_saint_gransaber_attack_0,mecha_sword_saint_gransaber,attack,627,627,526,511,true,1.094
Assets/Resources/MonsterBattle/mon_mecha_sword_saint_gransaber_attack_1.png,MonsterBattle/mon_mecha_sword_saint_gransaber_attack_1,mecha_sword_saint_gransaber,attack,627,627,524,397,true,0.85
Assets/Resources/MonsterBattle/mon_mecha_sword_saint_gransaber_attack_2.png,MonsterBattle/mon_mecha_sword_saint_gransaber_attack_2,mecha_sword_saint_gransaber,attack,627,627,624,473,true,1.012
Assets/Resources/MonsterBattle/mon_mecha_sword_saint_gransaber_attack_3.png,MonsterBattle/mon_mecha_sword_saint_gransaber_attack_3,mecha_sword_saint_gransaber,attack,637,627,613,468,true,1.002
Assets/Resources/MonsterBattle/mon_omega_leon_idle_0.png,MonsterBattle/mon_omega_leon_idle_0,omega_leon,idle,627,627,584,525,true,0.982
Assets/Resources/MonsterBattle/mon_omega_leon_idle_1.png,MonsterBattle/mon_omega_leon_idle_1,omega_leon,idle,627,627,585,548,true,1.025
Assets/Resources/MonsterBattle/mon_omega_leon_idle_2.png,MonsterBattle/mon_omega_leon_idle_2,omega_leon,idle,627,627,585,540,true,1.01
Assets/Resources/MonsterBattle/mon_omega_leon_idle_3.png,MonsterBattle/mon_omega_leon_idle_3,omega_leon,idle,627,627,583,525,true,0.982
Assets/Resources/MonsterBattle/mon_omega_leon_move_0.png,MonsterBattle/mon_omega_leon_move_0,omega_leon,move,627,627,553,493,true,0.922
Assets/Resources/MonsterBattle/mon_omega_leon_move_1.png,MonsterBattle/mon_omega_leon_move_1,omega_leon,move,627,627,556,477,true,0.892
Assets/Resources/MonsterBattle/mon_omega_leon_move_2.png,MonsterBattle/mon_omega_leon_move_2,omega_leon,move,627,627,529,482,true,0.902
Assets/Resources/MonsterBattle/mon_omega_leon_move_3.png,MonsterBattle/mon_omega_leon_move_3,omega_leon,move,627,627,556,478,true,0.894
Assets/Resources/MonsterBattle/mon_omega_leon_attack_0.png,MonsterBattle/mon_omega_leon_attack_0,omega_leon,attack,627,627,609,477,true,0.892
Assets/Resources/MonsterBattle/mon_omega_leon_attack_1.png,MonsterBattle/mon_omega_leon_attack_1,omega_leon,attack,627,627,627,471,true,0.881
Assets/Resources/MonsterBattle/mon_omega_leon_attack_2.png,MonsterBattle/mon_omega_leon_attack_2,omega_leon,attack,627,627,627,460,true,0.861
Assets/Resources/MonsterBattle/mon_omega_leon_attack_3.png,MonsterBattle/mon_omega_leon_attack_3,omega_leon,attack,627,627,599,455,true,0.851
Assets/Resources/MonsterBattle/mon_ore_giant_garm_idle_0.png,MonsterBattle/mon_ore_giant_garm_idle_0,ore_giant_garm,idle,627,627,486,500,true,1.022
Assets/Resources/MonsterBattle/mon_ore_giant_garm_idle_1.png,MonsterBattle/mon_ore_giant_garm_idle_1,ore_giant_garm,idle,627,627,521,456,true,0.933
Assets/Resources/MonsterBattle/mon_ore_giant_garm_idle_2.png,MonsterBattle/mon_ore_giant_garm_idle_2,ore_giant_garm,idle,627,627,537,500,true,1.022
Assets/Resources/MonsterBattle/mon_ore_giant_garm_idle_3.png,MonsterBattle/mon_ore_giant_garm_idle_3,ore_giant_garm,idle,627,627,526,500,true,1.022
Assets/Resources/MonsterBattle/mon_ore_giant_garm_move_0.png,MonsterBattle/mon_ore_giant_garm_move_0,ore_giant_garm,move,627,627,514,535,true,1.094
Assets/Resources/MonsterBattle/mon_ore_giant_garm_move_1.png,MonsterBattle/mon_ore_giant_garm_move_1,ore_giant_garm,move,627,627,469,534,true,1.092
Assets/Resources/MonsterBattle/mon_ore_giant_garm_move_2.png,MonsterBattle/mon_ore_giant_garm_move_2,ore_giant_garm,move,627,627,533,523,true,1.07
Assets/Resources/MonsterBattle/mon_ore_giant_garm_move_3.png,MonsterBattle/mon_ore_giant_garm_move_3,ore_giant_garm,move,627,627,450,538,true,1.1
Assets/Resources/MonsterBattle/mon_ore_giant_garm_attack_0.png,MonsterBattle/mon_ore_giant_garm_attack_0,ore_giant_garm,attack,627,627,525,543,true,1.11
Assets/Resources/MonsterBattle/mon_ore_giant_garm_attack_1.png,MonsterBattle/mon_ore_giant_garm_attack_1,ore_giant_garm,attack,627,627,624,535,true,1.094
Assets/Resources/MonsterBattle/mon_ore_giant_garm_attack_2.png,MonsterBattle/mon_ore_giant_garm_attack_2,ore_giant_garm,attack,627,627,590,507,true,1.037
Assets/Resources/MonsterBattle/mon_ore_giant_garm_attack_3.png,MonsterBattle/mon_ore_giant_garm_attack_3,ore_giant_garm,attack,627,627,514,536,true,1.096
Assets/Resources/MonsterBattle/mon_rock_golem_idle_0.png,MonsterBattle/mon_rock_golem_idle_0,rock_golem,idle,627,627,471,497,true,1.016
Assets/Resources/MonsterBattle/mon_rock_golem_idle_1.png,MonsterBattle/mon_rock_golem_idle_1,rock_golem,idle,627,627,479,442,true,0.903
Assets/Resources/MonsterBattle/mon_rock_golem_idle_2.png,MonsterBattle/mon_rock_golem_idle_2,rock_golem,idle,627,627,470,521,true,1.065
Assets/Resources/MonsterBattle/mon_rock_golem_idle_3.png,MonsterBattle/mon_rock_golem_idle_3,rock_golem,idle,627,627,467,497,true,1.016
Assets/Resources/MonsterBattle/mon_rock_golem_move_0.png,MonsterBattle/mon_rock_golem_move_0,rock_golem,move,627,627,426,449,true,0.918
Assets/Resources/MonsterBattle/mon_rock_golem_move_1.png,MonsterBattle/mon_rock_golem_move_1,rock_golem,move,627,627,555,489,true,0.999
Assets/Resources/MonsterBattle/mon_rock_golem_move_2.png,MonsterBattle/mon_rock_golem_move_2,rock_golem,move,627,627,425,445,true,0.91
Assets/Resources/MonsterBattle/mon_rock_golem_move_3.png,MonsterBattle/mon_rock_golem_move_3,rock_golem,move,627,627,402,435,true,0.889
Assets/Resources/MonsterBattle/mon_rock_golem_attack_0.png,MonsterBattle/mon_rock_golem_attack_0,rock_golem,attack,627,627,456,455,true,0.93
Assets/Resources/MonsterBattle/mon_rock_golem_attack_1.png,MonsterBattle/mon_rock_golem_attack_1,rock_golem,attack,627,627,576,434,true,0.887
Assets/Resources/MonsterBattle/mon_rock_golem_attack_2.png,MonsterBattle/mon_rock_golem_attack_2,rock_golem,attack,627,627,599,445,true,0.91
Assets/Resources/MonsterBattle/mon_rock_golem_attack_3.png,MonsterBattle/mon_rock_golem_attack_3,rock_golem,attack,627,627,455,455,true,0.93
Assets/Resources/MonsterBattle/mon_rock_knight_gaius_idle_0.png,MonsterBattle/mon_rock_knight_gaius_idle_0,rock_knight_gaius,idle,724,724,702,571,true,0.999
Assets/Resources/MonsterBattle/mon_rock_knight_gaius_idle_1.png,MonsterBattle/mon_rock_knight_gaius_idle_1,rock_knight_gaius,idle,724,724,724,574,true,1.004
Assets/Resources/MonsterBattle/mon_rock_knight_gaius_idle_2.png,MonsterBattle/mon_rock_knight_gaius_idle_2,rock_knight_gaius,idle,724,724,694,570,true,0.997
Assets/Resources/MonsterBattle/mon_rock_knight_gaius_move_0.png,MonsterBattle/mon_rock_knight_gaius_move_0,rock_knight_gaius,move,724,724,698,590,true,1.032
Assets/Resources/MonsterBattle/mon_rock_knight_gaius_move_1.png,MonsterBattle/mon_rock_knight_gaius_move_1,rock_knight_gaius,move,724,724,724,597,true,1.044
Assets/Resources/MonsterBattle/mon_rock_knight_gaius_move_2.png,MonsterBattle/mon_rock_knight_gaius_move_2,rock_knight_gaius,move,724,724,700,589,true,1.03
Assets/Resources/MonsterBattle/mon_rock_knight_gaius_attack_0.png,MonsterBattle/mon_rock_knight_gaius_attack_0,rock_knight_gaius,attack,1010,760,986,572,true,1.001
Assets/Resources/MonsterBattle/mon_rock_knight_gaius_attack_1.png,MonsterBattle/mon_rock_knight_gaius_attack_1,rock_knight_gaius,attack,1111,761,1087,572,true,1.001
Assets/Resources/MonsterBattle/mon_rock_knight_gaius_attack_2.png,MonsterBattle/mon_rock_knight_gaius_attack_2,rock_knight_gaius,attack,994,760,970,572,true,1.001
Assets/Resources/MonsterBattle/mon_seraph_michael_idle_0.png,MonsterBattle/mon_seraph_michael_idle_0,seraph_michael,idle,655,627,460,564,true,1.005
Assets/Resources/MonsterBattle/mon_seraph_michael_idle_1.png,MonsterBattle/mon_seraph_michael_idle_1,seraph_michael,idle,655,627,537,559,true,0.996
Assets/Resources/MonsterBattle/mon_seraph_michael_idle_2.png,MonsterBattle/mon_seraph_michael_idle_2,seraph_michael,idle,655,627,617,562,true,1.002
Assets/Resources/MonsterBattle/mon_seraph_michael_idle_3.png,MonsterBattle/mon_seraph_michael_idle_3,seraph_michael,idle,655,627,528,559,true,0.996
Assets/Resources/MonsterBattle/mon_seraph_michael_move_0.png,MonsterBattle/mon_seraph_michael_move_0,seraph_michael,move,627,627,566,528,true,0.941
Assets/Resources/MonsterBattle/mon_seraph_michael_move_1.png,MonsterBattle/mon_seraph_michael_move_1,seraph_michael,move,627,627,627,527,true,0.939
Assets/Resources/MonsterBattle/mon_seraph_michael_move_2.png,MonsterBattle/mon_seraph_michael_move_2,seraph_michael,move,627,627,627,528,true,0.941
Assets/Resources/MonsterBattle/mon_seraph_michael_move_3.png,MonsterBattle/mon_seraph_michael_move_3,seraph_michael,move,627,627,599,554,true,0.988
Assets/Resources/MonsterBattle/mon_seraph_michael_attack_0.png,MonsterBattle/mon_seraph_michael_attack_0,seraph_michael,attack,627,627,576,468,true,0.834
Assets/Resources/MonsterBattle/mon_seraph_michael_attack_1.png,MonsterBattle/mon_seraph_michael_attack_1,seraph_michael,attack,627,627,602,490,true,0.873
Assets/Resources/MonsterBattle/mon_seraph_michael_attack_2.png,MonsterBattle/mon_seraph_michael_attack_2,seraph_michael,attack,627,627,543,461,true,0.822
Assets/Resources/MonsterBattle/mon_seraph_michael_attack_3.png,MonsterBattle/mon_seraph_michael_attack_3,seraph_michael,attack,627,627,547,539,true,0.961
Assets/Resources/MonsterBattle/mon_spirit_queen_titania_idle_0.png,MonsterBattle/mon_spirit_queen_titania_idle_0,spirit_queen_titania,idle,627,627,523,581,true,1.004
Assets/Resources/MonsterBattle/mon_spirit_queen_titania_idle_1.png,MonsterBattle/mon_spirit_queen_titania_idle_1,spirit_queen_titania,idle,627,627,595,580,true,1.003
Assets/Resources/MonsterBattle/mon_spirit_queen_titania_idle_2.png,MonsterBattle/mon_spirit_queen_titania_idle_2,spirit_queen_titania,idle,627,627,536,572,true,0.989
Assets/Resources/MonsterBattle/mon_spirit_queen_titania_idle_3.png,MonsterBattle/mon_spirit_queen_titania_idle_3,spirit_queen_titania,idle,627,627,532,581,true,1.004
Assets/Resources/MonsterBattle/mon_spirit_queen_titania_move_0.png,MonsterBattle/mon_spirit_queen_titania_move_0,spirit_queen_titania,move,627,627,562,566,true,0.978
Assets/Resources/MonsterBattle/mon_spirit_queen_titania_move_1.png,MonsterBattle/mon_spirit_queen_titania_move_1,spirit_queen_titania,move,627,627,520,589,true,1.018
Assets/Resources/MonsterBattle/mon_spirit_queen_titania_move_2.png,MonsterBattle/mon_spirit_queen_titania_move_2,spirit_queen_titania,move,627,627,577,568,true,0.982
Assets/Resources/MonsterBattle/mon_spirit_queen_titania_move_3.png,MonsterBattle/mon_spirit_queen_titania_move_3,spirit_queen_titania,move,627,627,545,573,true,0.99
Assets/Resources/MonsterBattle/mon_spirit_queen_titania_attack_0.png,MonsterBattle/mon_spirit_queen_titania_attack_0,spirit_queen_titania,attack,627,627,526,486,true,0.84
Assets/Resources/MonsterBattle/mon_spirit_queen_titania_attack_1.png,MonsterBattle/mon_spirit_queen_titania_attack_1,spirit_queen_titania,attack,627,627,573,557,true,0.963
Assets/Resources/MonsterBattle/mon_spirit_queen_titania_attack_2.png,MonsterBattle/mon_spirit_queen_titania_attack_2,spirit_queen_titania,attack,924,645,900,578,true,0.999
Assets/Resources/MonsterBattle/mon_spirit_queen_titania_attack_3.png,MonsterBattle/mon_spirit_queen_titania_attack_3,spirit_queen_titania,attack,797,637,773,579,true,1.001
Assets/Resources/MonsterBattle/mon_sword_saint_alvarez_idle_0.png,MonsterBattle/mon_sword_saint_alvarez_idle_0,sword_saint_alvarez,idle,627,627,517,501,true,0.991
Assets/Resources/MonsterBattle/mon_sword_saint_alvarez_idle_1.png,MonsterBattle/mon_sword_saint_alvarez_idle_1,sword_saint_alvarez,idle,627,627,627,558,true,1.104
Assets/Resources/MonsterBattle/mon_sword_saint_alvarez_idle_2.png,MonsterBattle/mon_sword_saint_alvarez_idle_2,sword_saint_alvarez,idle,627,627,627,466,true,0.922
Assets/Resources/MonsterBattle/mon_sword_saint_alvarez_idle_3.png,MonsterBattle/mon_sword_saint_alvarez_idle_3,sword_saint_alvarez,idle,627,627,550,497,true,0.983
Assets/Resources/MonsterBattle/mon_sword_saint_alvarez_move_0.png,MonsterBattle/mon_sword_saint_alvarez_move_0,sword_saint_alvarez,move,627,627,583,497,true,0.983
Assets/Resources/MonsterBattle/mon_sword_saint_alvarez_move_1.png,MonsterBattle/mon_sword_saint_alvarez_move_1,sword_saint_alvarez,move,627,627,627,497,true,0.983
Assets/Resources/MonsterBattle/mon_sword_saint_alvarez_move_2.png,MonsterBattle/mon_sword_saint_alvarez_move_2,sword_saint_alvarez,move,627,627,627,493,true,0.975
Assets/Resources/MonsterBattle/mon_sword_saint_alvarez_move_3.png,MonsterBattle/mon_sword_saint_alvarez_move_3,sword_saint_alvarez,move,627,627,585,481,true,0.952
Assets/Resources/MonsterBattle/mon_sword_saint_alvarez_attack_0.png,MonsterBattle/mon_sword_saint_alvarez_attack_0,sword_saint_alvarez,attack,627,627,606,441,true,0.872
Assets/Resources/MonsterBattle/mon_sword_saint_alvarez_attack_1.png,MonsterBattle/mon_sword_saint_alvarez_attack_1,sword_saint_alvarez,attack,627,627,617,564,true,1.116
Assets/Resources/MonsterBattle/mon_sword_saint_alvarez_attack_2.png,MonsterBattle/mon_sword_saint_alvarez_attack_2,sword_saint_alvarez,attack,627,627,627,437,true,0.864
Assets/Resources/MonsterBattle/mon_sword_saint_alvarez_attack_3.png,MonsterBattle/mon_sword_saint_alvarez_attack_3,sword_saint_alvarez,attack,627,627,607,453,true,0.896
